M,E,h0,h_open,n_h,n_checks_le_h0,violations_le_h0,first_mismatch_index,first_mismatch_at_h,persists_to_h
2,1,5,1,145,870,0,7,7,150
2,1,10,1,140,1540,0,12,12,150
2,1,20,1,130,2730,0,21,21,150
2,1,30,1,120,3720,0,31,31,150
2,2,5,2,145,870,0,7,7,150
2,2,10,2,140,1540,0,12,12,150
2,2,20,2,130,2730,0,21,21,150
2,2,30,2,120,3720,0,31,31,150
2,3,5,4,145,870,0,7,7,150
2,3,10,4,140,1540,0,12,12,150
2,3,20,4,130,2730,0,21,21,150
2,3,30,4,120,3720,0,31,31,150
2,4,5,5,145,870,0,7,7,150
2,4,10,5,140,1540,0,12,12,150
2,4,20,5,130,2730,0,21,21,150
2,4,30,5,120,3720,0,31,31,150
3,1,5,1,145,870,0,6,6,150
3,1,10,1,140,1540,0,11,11,150
3,1,20,1,130,2730,0,21,21,150
3,1,30,1,120,3720,0,32,32,150
3,2,5,1,145,870,0,6,6,150
3,2,10,1,140,1540,0,11,11,150
3,2,20,1,130,2730,0,21,21,150
3,2,30,1,120,3720,0,32,32,150
3,3,5,3,145,870,0,6,6,150
3,3,10,3,140,1540,0,11,11,150
3,3,20,3,130,2730,0,21,21,150
3,3,30,3,120,3720,0,32,32,150
3,4,5,4,145,870,0,6,6,150
3,4,10,4,140,1540,0,11,11,150
3,4,20,4,130,2730,0,21,21,150
3,4,30,4,120,3720,0,32,32,150
4,1,5,1,145,870,0,7,7,150
4,1,10,1,140,1540,0,12,12,150
4,1,20,1,130,2730,0,22,22,150
4,1,30,1,120,3720,0,31,31,150
4,2,5,2,145,870,0,7,7,150
4,2,10,2,140,1540,0,12,12,150
4,2,20,2,130,2730,0,22,22,150
4,2,30,2,120,3720,0,31,31,150
4,3,5,3,145,870,0,7,7,150
4,3,10,3,140,1540,0,12,12,150
4,3,20,3,130,2730,0,22,22,150
4,3,30,3,120,3720,0,31,31,150
4,4,5,5,145,870,0,7,7,150
4,4,10,5,140,1540,0,12,12,150
4,4,20,5,130,2730,0,22,22,150
4,4,30,5,120,3720,0,31,31,150
5,1,5,1,145,870,0,6,6,150
5,1,10,1,140,1540,0,11,11,150
5,1,20,1,130,2730,0,21,21,150
5,1,30,1,120,3720,0,31,31,150
5,2,5,1,145,870,0,6,6,150
5,2,10,1,140,1540,0,11,11,150
5,2,20,1,130,2730,0,21,21,150
5,2,30,1,120,3720,0,31,31,150
5,3,5,2,145,870,0,6,6,150
5,3,10,2,140,1540,0,11,11,150
5,3,20,2,130,2730,0,21,21,150
5,3,30,2,120,3720,0,31,31,150
5,4,5,4,145,870,0,6,6,150
5,4,10,4,140,1540,0,11,11,150
5,4,20,4,130,2730,0,21,21,150
5,4,30,4,120,3720,0,31,31,150
6,1,5,1,145,870,0,6,6,150
6,1,10,1,140,1540,0,12,12,150
6,1,20,1,130,2730,0,22,22,150
6,1,30,1,120,3720,0,32,32,150
6,2,5,1,145,870,0,6,6,150
6,2,10,1,140,1540,0,12,12,150
6,2,20,1,130,2730,0,22,22,150
6,2,30,1,120,3720,0,32,32,150
6,3,5,3,145,870,0,6,6,150
6,3,10,3,140,1540,0,12,12,150
6,3,20,3,130,2730,0,22,22,150
6,3,30,3,120,3720,0,32,32,150
6,4,5,5,145,870,0,6,6,150
6,4,10,5,140,1540,0,12,12,150
6,4,20,5,130,2730,0,22,22,150
6,4,30,5,120,3720,0,32,32,150
7,1,5,1,145,870,0,7,7,150
7,1,10,1,140,1540,0,11,11,150
7,1,20,1,130,2730,0,21,21,150
7,1,30,1,120,3720,0,31,31,150
7,2,5,2,145,870,0,7,7,150
7,2,10,2,140,1540,0,11,11,150
7,2,20,2,130,2730,0,21,21,150
7,2,30,2,120,3720,0,31,31,150
7,3,5,4,145,870,0,7,7,150
7,3,10,4,140,1540,0,11,11,150
7,3,20,4,130,2730,0,21,21,150
7,3,30,4,120,3720,0,31,31,150
7,4,5,5,145,870,0,7,7,150
7,4,10,5,140,1540,0,11,11,150
7,4,20,5,130,2730,0,21,21,150
7,4,30,5,120,3720,0,31,31,150
8,1,5,1,145,870,0,6,6,150
8,1,10,1,140,1540,0,11,11,150
8,1,20,1,130,2730,0,22,22,150
8,1,30,1,120,3720,0,32,32,150
8,2,5,1,145,870,0,6,6,150
8,2,10,1,140,1540,0,11,11,150
8,2,20,1,130,2730,0,22,22,150
8,2,30,1,120,3720,0,32,32,150
8,3,5,3,145,870,0,6,6,150
8,3,10,3,140,1540,0,11,11,150
8,3,20,3,130,2730,0,22,22,150
8,3,30,3,120,3720,0,32,32,150
8,4,5,4,145,870,0,6,6,150
8,4,10,4,140,1540,0,11,11,150
8,4,20,4,130,2730,0,22,22,150
8,4,30,4,120,3720,0,32,32,150
