name,M,c,prefix,Vmin,E,gamma,n_eps1,ok_eps1,n_eps0,ok_eps0,fail_h
M2_c1_p1_V7,2,1,1,7,4,0.169925,88,85,62,62,1;3;4
M2_c2_p1_V5,2,2,1,5,1,0.169925,88,88,62,62,
M2_c2_p3_V3,2,2,3,3,1,0.169925,88,88,62,62,
M2_c2_p3_V6,2,2,3,6,4,0.169925,88,85,62,62,1;3;4
M2_c3_p2_V5,2,3,2,5,1,0.169925,88,88,62,62,
M2_c3_p2_V6,2,3,2,6,2,0.169925,88,87,62,62,1
M2_c3_p4_V4,2,3,4,4,2,0.169925,88,87,62,62,1
M3_c1_p1-1_V4,3,1,1-1,4,1,0.754888,88,88,62,62,
M3_c1_p1-1_V5,3,1,1-1,5,2,0.754888,88,88,62,62,
M3_c1_p1-2_V4,3,1,1-2,4,2,0.754888,88,88,62,62,
M3_c2_p1-1_V5,3,2,1-1,5,1,0.754888,88,88,62,62,
M3_c2_p1-1_V8,3,2,1-1,8,4,0.754888,88,86,62,62,2;3
M3_c2_p1-3_V3,3,2,1-3,3,1,0.754888,88,88,62,62,
M3_c2_p1-3_V4,3,2,1-3,4,2,0.754888,88,88,62,62,
M3_c2_p1-3_V6,3,2,1-3,6,4,0.754888,88,86,62,62,2;3
M3_c2_p2-3_V2,3,2,2-3,2,1,0.754888,88,88,62,62,
M3_c2_p2-3_V3,3,2,2-3,3,2,0.754888,88,88,62,62,
M3_c2_p2-3_V5,3,2,2-3,5,4,0.754888,88,86,62,62,2;3
M3_c3_p1-1_V6,3,3,1-1,6,1,0.754888,88,88,62,62,
M3_c3_p1-1_V7,3,3,1-1,7,2,0.754888,88,88,62,62,
M3_c3_p1-1_V9,3,3,1-1,9,4,0.754888,88,86,62,62,2;3
M3_c3_p2-2_V5,3,3,2-2,5,2,0.754888,88,88,62,62,
M3_c3_p3-2_V3,3,3,3-2,3,1,0.754888,88,88,62,62,
M4_c1_p1-1-1_V5,4,1,1-1-1,5,1,0.33985,88,88,62,62,
M4_c1_p1-1-1_V8,4,1,1-1-1,8,4,0.33985,88,85,62,62,1;2;4
M4_c1_p1-3-1_V6,4,1,1-3-1,6,4,0.33985,88,85,62,62,1;2;4
M4_c1_p2-1-1_V4,4,1,2-1-1,4,1,0.33985,88,88,62,62,
M4_c2_p1-1-1_V6,4,2,1-1-1,6,1,0.33985,88,88,62,62,
M4_c2_p1-1-1_V7,4,2,1-1-1,7,2,0.33985,88,87,62,62,1
M4_c2_p2-3-1_V4,4,2,2-3-1,4,2,0.33985,88,87,62,62,1
M4_c2_p2-2-2_V3,4,2,2-2-2,3,1,0.33985,88,88,62,62,
M4_c2_p2-2-2_V6,4,2,2-2-2,6,4,0.33985,88,85,62,62,1;2;4
M4_c3_p1-1-1_V8,4,3,1-1-1,8,2,0.33985,88,87,62,62,1
M4_c3_p2-2-3_V3,4,3,2-2-3,3,1,0.33985,88,88,62,62,
M4_c3_p3-1-1_V5,4,3,3-1-1,5,1,0.33985,88,88,62,62,
M4_c3_p3-1-1_V6,4,3,3-1-1,6,2,0.33985,88,87,62,62,1
M4_c3_p3-1-1_V8,4,3,3-1-1,8,4,0.33985,88,85,62,62,1;2;4
M5_c1_p1-1-1-1_V5,5,1,1-1-1-1,5,1,0.924813,88,88,62,62,
M5_c1_p1-1-1-1_V6,5,1,1-1-1-1,6,2,0.924813,88,88,62,62,
M5_c1_p1-2-2-2_V2,5,1,1-2-2-2,2,1,0.924813,88,88,62,62,
M5_c1_p1-1-3-2_V2,5,1,1-1-3-2,2,1,0.924813,88,88,62,62,
M5_c1_p1-1-3-2_V5,5,1,1-1-3-2,5,4,0.924813,88,86,62,62,1;3
M5_c2_p1-1-1-1_V6,5,2,1-1-1-1,6,1,0.924813,88,88,62,62,
M5_c2_p1-1-1-1_V9,5,2,1-1-1-1,9,4,0.924813,88,86,62,62,1;3
M5_c2_p1-1-1-2_V6,5,2,1-1-1-2,6,2,0.924813,88,88,62,62,
M5_c2_p1-1-1-2_V8,5,2,1-1-1-2,8,4,0.924813,88,86,62,62,1;3
M5_c2_p1-1-3-3_V5,5,2,1-1-3-3,5,4,0.924813,88,86,62,62,1;3
M5_c3_p1-1-1-1_V10,5,3,1-1-1-1,10,4,0.924813,88,86,62,62,1;3
M5_c3_p2-1-2-2_V7,5,3,2-1-2-2,7,4,0.924813,88,86,62,62,1;3
M5_c3_p2-1-3-3_V5,5,3,2-1-3-3,5,4,0.924813,88,86,62,62,1;3
M6_c1_p1-1-1-1-1_V6,6,1,1-1-1-1-1,6,1,0.509775,87,87,63,63,
M6_c1_p1-1-1-1-1_V7,6,1,1-1-1-1-1,7,2,0.509775,87,87,63,63,
M6_c1_p1-1-1-1-1_V9,6,1,1-1-1-1-1,9,4,0.509775,87,85,63,63,2;4
M6_c1_p1-2-1-3-1_V3,6,1,1-2-1-3-1,3,1,0.509775,87,87,63,63,
M6_c1_p1-2-1-3-1_V4,6,1,1-2-1-3-1,4,2,0.509775,87,87,63,63,
M6_c1_p1-2-1-1-1_V5,6,1,1-2-1-1-1,5,1,0.509775,87,87,63,63,
M6_c1_p1-2-1-1-1_V6,6,1,1-2-1-1-1,6,2,0.509775,87,87,63,63,
M6_c1_p1-2-1-1-1_V8,6,1,1-2-1-1-1,8,4,0.509775,87,85,63,63,2;4
M6_c2_p1-1-1-1-1_V7,6,2,1-1-1-1-1,7,1,0.509775,87,87,63,63,
M6_c2_p1-1-1-1-1_V10,6,2,1-1-1-1-1,10,4,0.509775,87,85,63,63,2;4
M6_c2_p1-2-3-1-2_V3,6,2,1-2-3-1-2,3,1,0.509775,87,87,63,63,
M6_c2_p1-2-3-1-2_V6,6,2,1-2-3-1-2,6,4,0.509775,87,85,63,63,2;4
M6_c2_p1-2-1-2-1_V5,6,2,1-2-1-2-1,5,1,0.509775,87,87,63,63,
M6_c2_p1-2-1-2-1_V6,6,2,1-2-1-2-1,6,2,0.509775,87,87,63,63,
M6_c3_p1-1-1-1-1_V11,6,3,1-1-1-1-1,11,4,0.509775,87,85,63,63,2;4
M6_c3_p1-3-1-1-1_V7,6,3,1-3-1-1-1,7,2,0.509775,87,87,63,63,
