M,E,n_eps1,ok_eps1,n_eps0,ok_eps0,fail_h,max_fail_h
2,1,88,88,62,62,,0
2,2,88,87,62,62,1,1
2,3,88,86,62,62,1;3,3
2,4,88,85,62,62,1;3;4,4
2,5,88,84,62,62,1;3;4;6,6
2,6,88,83,62,62,1;3;4;6;8,8
2,7,88,82,62,62,1;3;4;6;8;9,9
2,8,88,81,62,62,1;3;4;6;8;9;11,11
2,9,88,80,62,62,1;3;4;6;8;9;11;13,13
2,10,88,79,62,62,1;3;4;6;8;9;11;13;15,15
2,11,88,78,62,62,1;3;4;6;8;9;11;13;15;16,16
2,12,88,77,62,62,1;3;4;6;8;9;11;13;15;16;18,18
3,1,88,88,62,62,,0
3,2,88,88,62,62,,0
3,3,88,87,62,62,2,2
3,4,88,86,62,62,2;3,3
3,5,88,85,62,62,2;3;5,5
3,6,88,84,62,62,2;3;5;7,7
3,7,88,83,62,62,2;3;5;7;8,8
3,8,88,82,62,62,2;3;5;7;8;10,10
3,9,88,81,62,62,2;3;5;7;8;10;12,12
3,10,88,80,62,62,2;3;5;7;8;10;12;14,14
3,11,88,79,62,62,2;3;5;7;8;10;12;14;15,15
3,12,88,78,62,62,2;3;5;7;8;10;12;14;15;17,17
4,1,88,88,62,62,,0
4,2,88,87,62,62,1,1
4,3,88,86,62,62,1;2,2
4,4,88,85,62,62,1;2;4,4
4,5,88,84,62,62,1;2;4;6,6
4,6,88,83,62,62,1;2;4;6;7,7
4,7,88,82,62,62,1;2;4;6;7;9,9
4,8,88,81,62,62,1;2;4;6;7;9;11,11
4,9,88,80,62,62,1;2;4;6;7;9;11;13,13
4,10,88,79,62,62,1;2;4;6;7;9;11;13;14,14
4,11,88,78,62,62,1;2;4;6;7;9;11;13;14;16,16
4,12,88,77,62,62,1;2;4;6;7;9;11;13;14;16;18,18
5,1,88,88,62,62,,0
5,2,88,88,62,62,,0
5,3,88,87,62,62,1,1
5,4,88,86,62,62,1;3,3
5,5,88,85,62,62,1;3;5,5
5,6,88,84,62,62,1;3;5;6,6
5,7,88,83,62,62,1;3;5;6;8,8
5,8,88,82,62,62,1;3;5;6;8;10,10
5,9,88,81,62,62,1;3;5;6;8;10;12,12
5,10,88,80,62,62,1;3;5;6;8;10;12;13,13
5,11,88,79,62,62,1;3;5;6;8;10;12;13;15,15
5,12,88,78,62,62,1;3;5;6;8;10;12;13;15;17,17
6,1,87,87,63,63,,0
6,2,87,87,63,63,,0
6,3,87,86,63,63,2,2
6,4,87,85,63,63,2;4,4
6,5,87,84,63,63,2;4;5,5
6,6,87,83,63,63,2;4;5;7,7
6,7,87,82,63,63,2;4;5;7;9,9
6,8,87,81,63,63,2;4;5;7;9;11,11
6,9,87,80,63,63,2;4;5;7;9;11;12,12
6,10,87,79,63,63,2;4;5;7;9;11;12;14,14
6,11,87,78,63,63,2;4;5;7;9;11;12;14;16,16
6,12,87,77,63,63,2;4;5;7;9;11;12;14;16;17,17
7,1,88,88,62,62,,0
7,2,88,87,62,62,1,1
7,3,88,86,62,62,1;3,3
7,4,88,85,62,62,1;3;4,4
7,5,88,84,62,62,1;3;4;6,6
7,6,88,83,62,62,1;3;4;6;8,8
7,7,88,82,62,62,1;3;4;6;8;10,10
7,8,88,81,62,62,1;3;4;6;8;10;11,11
7,9,88,80,62,62,1;3;4;6;8;10;11;13,13
7,10,88,79,62,62,1;3;4;6;8;10;11;13;15,15
7,11,88,78,62,62,1;3;4;6;8;10;11;13;15;16,16
7,12,88,77,62,62,1;3;4;6;8;10;11;13;15;16;18,18
8,1,88,88,62,62,,0
8,2,88,88,62,62,,0
8,3,88,87,62,62,2,2
8,4,88,86,62,62,2;3,3
8,5,88,85,62,62,2;3;5,5
8,6,88,84,62,62,2;3;5;7,7
8,7,88,83,62,62,2;3;5;7;9,9
8,8,88,82,62,62,2;3;5;7;9;10,10
8,9,88,81,62,62,2;3;5;7;9;10;12,12
8,10,88,80,62,62,2;3;5;7;9;10;12;14,14
8,11,88,79,62,62,2;3;5;7;9;10;12;14;15,15
8,12,88,78,62,62,2;3;5;7;9;10;12;14;15;17,17
9,1,88,88,62,62,,0
9,2,88,87,62,62,1,1
9,3,88,86,62,62,1;2,2
9,4,88,85,62,62,1;2;4,4
9,5,88,84,62,62,1;2;4;6,6
9,6,88,83,62,62,1;2;4;6;8,8
9,7,88,82,62,62,1;2;4;6;8;9,9
9,8,88,81,62,62,1;2;4;6;8;9;11,11
9,9,88,80,62,62,1;2;4;6;8;9;11;13,13
9,10,88,79,62,62,1;2;4;6;8;9;11;13;14,14
9,11,88,78,62,62,1;2;4;6;8;9;11;13;14;16,16
9,12,88,77,62,62,1;2;4;6;8;9;11;13;14;16;18,18
10,1,88,88,62,62,,0
10,2,88,88,62,62,,0
10,3,88,87,62,62,1,1
10,4,88,86,62,62,1;3,3
10,5,88,85,62,62,1;3;5,5
10,6,88,84,62,62,1;3;5;7,7
10,7,88,83,62,62,1;3;5;7;8,8
10,8,88,82,62,62,1;3;5;7;8;10,10
10,9,88,81,62,62,1;3;5;7;8;10;12,12
10,10,88,80,62,62,1;3;5;7;8;10;12;13,13
10,11,88,79,62,62,1;3;5;7;8;10;12;13;15,15
10,12,88,78,62,62,1;3;5;7;8;10;12;13;15;17,17
11,1,87,87,63,63,,0
11,2,87,87,63,63,,0
11,3,87,86,63,63,2,2
11,4,87,85,63,63,2;4,4
11,5,87,84,63,63,2;4;6,6
11,6,87,83,63,63,2;4;6;7,7
11,7,87,82,63,63,2;4;6;7;9,9
11,8,87,81,63,63,2;4;6;7;9;11,11
11,9,87,80,63,63,2;4;6;7;9;11;12,12
11,10,87,79,63,63,2;4;6;7;9;11;12;14,14
11,11,87,78,63,63,2;4;6;7;9;11;12;14;16,16
11,12,87,77,63,63,2;4;6;7;9;11;12;14;16;18,18
12,1,88,88,62,62,,0
12,2,88,87,62,62,1,1
12,3,88,86,62,62,1;3,3
12,4,88,85,62,62,1;3;5,5
12,5,88,84,62,62,1;3;5;6,6
12,6,88,83,62,62,1;3;5;6;8,8
12,7,88,82,62,62,1;3;5;6;8;10,10
12,8,88,81,62,62,1;3;5;6;8;10;11,11
12,9,88,80,62,62,1;3;5;6;8;10;11;13,13
12,10,88,79,62,62,1;3;5;6;8;10;11;13;15,15
12,11,88,78,62,62,1;3;5;6;8;10;11;13;15;17,17
12,12,88,77,62,62,1;3;5;6;8;10;11;13;15;17;18,18
13,1,87,87,63,63,,0
13,2,87,87,63,63,,0
13,3,87,86,63,63,2,2
13,4,87,85,63,63,2;4,4
13,5,87,84,63,63,2;4;5,5
13,6,87,83,63,63,2;4;5;7,7
13,7,87,82,63,63,2;4;5;7;9,9
13,8,87,81,63,63,2;4;5;7;9;10,10
13,9,87,80,63,63,2;4;5;7;9;10;12,12
13,10,87,79,63,63,2;4;5;7;9;10;12;14,14
13,11,87,78,63,63,2;4;5;7;9;10;12;14;16,16
13,12,87,77,63,63,2;4;5;7;9;10;12;14;16;17,17
14,1,88,88,62,62,,0
14,2,88,87,62,62,1,1
14,3,88,86,62,62,1;3,3
14,4,88,85,62,62,1;3;4,4
14,5,88,84,62,62,1;3;4;6,6
14,6,88,83,62,62,1;3;4;6;8,8
14,7,88,82,62,62,1;3;4;6;8;9,9
14,8,88,81,62,62,1;3;4;6;8;9;11,11
14,9,88,80,62,62,1;3;4;6;8;9;11;13,13
14,10,88,79,62,62,1;3;4;6;8;9;11;13;15,15
14,11,88,78,62,62,1;3;4;6;8;9;11;13;15;16,16
14,12,88,77,62,62,1;3;4;6;8;9;11;13;15;16;18,18
15,1,88,88,62,62,,0
15,2,88,88,62,62,,0
15,3,88,87,62,62,2,2
15,4,88,86,62,62,2;3,3
15,5,88,85,62,62,2;3;5,5
15,6,88,84,62,62,2;3;5;7,7
15,7,88,83,62,62,2;3;5;7;8,8
15,8,88,82,62,62,2;3;5;7;8;10,10
15,9,88,81,62,62,2;3;5;7;8;10;12,12
15,10,88,80,62,62,2;3;5;7;8;10;12;14,14
15,11,88,79,62,62,2;3;5;7;8;10;12;14;15,15
15,12,88,78,62,62,2;3;5;7;8;10;12;14;15;17,17
16,1,88,88,62,62,,0
16,2,88,87,62,62,1,1
16,3,88,86,62,62,1;2,2
16,4,88,85,62,62,1;2;4,4
16,5,88,84,62,62,1;2;4;6,6
16,6,88,83,62,62,1;2;4;6;7,7
16,7,88,82,62,62,1;2;4;6;7;9,9
16,8,88,81,62,62,1;2;4;6;7;9;11,11
16,9,88,80,62,62,1;2;4;6;7;9;11;13,13
16,10,88,79,62,62,1;2;4;6;7;9;11;13;14,14
16,11,88,78,62,62,1;2;4;6;7;9;11;13;14;16,16
16,12,88,77,62,62,1;2;4;6;7;9;11;13;14;16;18,18
17,1,88,88,62,62,,0
17,2,88,88,62,62,,0
17,3,88,87,62,62,1,1
17,4,88,86,62,62,1;3,3
17,5,88,85,62,62,1;3;5,5
17,6,88,84,62,62,1;3;5;6,6
17,7,88,83,62,62,1;3;5;6;8,8
17,8,88,82,62,62,1;3;5;6;8;10,10
17,9,88,81,62,62,1;3;5;6;8;10;12,12
17,10,88,80,62,62,1;3;5;6;8;10;12;13,13
17,11,88,79,62,62,1;3;5;6;8;10;12;13;15,15
17,12,88,78,62,62,1;3;5;6;8;10;12;13;15;17,17
18,1,87,87,63,63,,0
18,2,87,87,63,63,,0
18,3,87,86,63,63,2,2
18,4,87,85,63,63,2;4,4
18,5,87,84,63,63,2;4;5,5
18,6,87,83,63,63,2;4;5;7,7
18,7,87,82,63,63,2;4;5;7;9,9
18,8,87,81,63,63,2;4;5;7;9;11,11
18,9,87,80,63,63,2;4;5;7;9;11;12,12
18,10,87,79,63,63,2;4;5;7;9;11;12;14,14
18,11,87,78,63,63,2;4;5;7;9;11;12;14;16,16
18,12,87,77,63,63,2;4;5;7;9;11;12;14;16;17,17
19,1,88,88,62,62,,0
19,2,88,87,62,62,1,1
19,3,88,86,62,62,1;3,3
19,4,88,85,62,62,1;3;4,4
19,5,88,84,62,62,1;3;4;6,6
19,6,88,83,62,62,1;3;4;6;8,8
19,7,88,82,62,62,1;3;4;6;8;10,10
19,8,88,81,62,62,1;3;4;6;8;10;11,11
19,9,88,80,62,62,1;3;4;6;8;10;11;13,13
19,10,88,79,62,62,1;3;4;6;8;10;11;13;15,15
19,11,88,78,62,62,1;3;4;6;8;10;11;13;15;16,16
19,12,88,77,62,62,1;3;4;6;8;10;11;13;15;16;18,18
20,1,88,88,62,62,,0
20,2,88,88,62,62,,0
20,3,88,87,62,62,2,2
20,4,88,86,62,62,2;3,3
20,5,88,85,62,62,2;3;5,5
20,6,88,84,62,62,2;3;5;7,7
20,7,88,83,62,62,2;3;5;7;9,9
20,8,88,82,62,62,2;3;5;7;9;10,10
20,9,88,81,62,62,2;3;5;7;9;10;12,12
20,10,88,80,62,62,2;3;5;7;9;10;12;14,14
20,11,88,79,62,62,2;3;5;7;9;10;12;14;15,15
20,12,88,78,62,62,2;3;5;7;9;10;12;14;15;17,17
21,1,88,88,62,62,,0
21,2,88,87,62,62,1,1
21,3,88,86,62,62,1;2,2
21,4,88,85,62,62,1;2;4,4
21,5,88,84,62,62,1;2;4;6,6
21,6,88,83,62,62,1;2;4;6;8,8
21,7,88,82,62,62,1;2;4;6;8;9,9
21,8,88,81,62,62,1;2;4;6;8;9;11,11
21,9,88,80,62,62,1;2;4;6;8;9;11;13,13
21,10,88,79,62,62,1;2;4;6;8;9;11;13;14,14
21,11,88,78,62,62,1;2;4;6;8;9;11;13;14;16,16
21,12,88,77,62,62,1;2;4;6;8;9;11;13;14;16;18,18
22,1,88,88,62,62,,0
22,2,88,88,62,62,,0
22,3,88,87,62,62,1,1
22,4,88,86,62,62,1;3,3
22,5,88,85,62,62,1;3;5,5
22,6,88,84,62,62,1;3;5;7,7
22,7,88,83,62,62,1;3;5;7;8,8
22,8,88,82,62,62,1;3;5;7;8;10,10
22,9,88,81,62,62,1;3;5;7;8;10;12,12
22,10,88,80,62,62,1;3;5;7;8;10;12;13,13
22,11,88,79,62,62,1;3;5;7;8;10;12;13;15,15
22,12,88,78,62,62,1;3;5;7;8;10;12;13;15;17,17
23,1,87,87,63,63,,0
23,2,87,87,63,63,,0
23,3,87,86,63,63,2,2
23,4,87,85,63,63,2;4,4
23,5,87,84,63,63,2;4;6,6
23,6,87,83,63,63,2;4;6;7,7
23,7,87,82,63,63,2;4;6;7;9,9
23,8,87,81,63,63,2;4;6;7;9;11,11
23,9,87,80,63,63,2;4;6;7;9;11;12,12
23,10,87,79,63,63,2;4;6;7;9;11;12;14,14
23,11,87,78,63,63,2;4;6;7;9;11;12;14;16,16
23,12,87,77,63,63,2;4;6;7;9;11;12;14;16;18,18
24,1,88,88,62,62,,0
24,2,88,87,62,62,1,1
24,3,88,86,62,62,1;3,3
24,4,88,85,62,62,1;3;5,5
24,5,88,84,62,62,1;3;5;6,6
24,6,88,83,62,62,1;3;5;6;8,8
24,7,88,82,62,62,1;3;5;6;8;10,10
24,8,88,81,62,62,1;3;5;6;8;10;11,11
24,9,88,80,62,62,1;3;5;6;8;10;11;13,13
24,10,88,79,62,62,1;3;5;6;8;10;11;13;15,15
24,11,88,78,62,62,1;3;5;6;8;10;11;13;15;17,17
24,12,88,77,62,62,1;3;5;6;8;10;11;13;15;17;18,18
25,1,87,87,63,63,,0
25,2,87,87,63,63,,0
25,3,87,86,63,63,2,2
25,4,87,85,63,63,2;4,4
25,5,87,84,63,63,2;4;5,5
25,6,87,83,63,63,2;4;5;7,7
25,7,87,82,63,63,2;4;5;7;9,9
25,8,87,81,63,63,2;4;5;7;9;10,10
25,9,87,80,63,63,2;4;5;7;9;10;12,12
25,10,87,79,63,63,2;4;5;7;9;10;12;14,14
25,11,87,78,63,63,2;4;5;7;9;10;12;14;16,16
25,12,87,77,63,63,2;4;5;7;9;10;12;14;16;17,17
26,1,88,88,62,62,,0
26,2,88,87,62,62,1,1
26,3,88,86,62,62,1;3,3
26,4,88,85,62,62,1;3;4,4
26,5,88,84,62,62,1;3;4;6,6
26,6,88,83,62,62,1;3;4;6;8,8
26,7,88,82,62,62,1;3;4;6;8;9,9
26,8,88,81,62,62,1;3;4;6;8;9;11,11
26,9,88,80,62,62,1;3;4;6;8;9;11;13,13
26,10,88,79,62,62,1;3;4;6;8;9;11;13;15,15
26,11,88,78,62,62,1;3;4;6;8;9;11;13;15;16,16
26,12,88,77,62,62,1;3;4;6;8;9;11;13;15;16;18,18
27,1,88,88,62,62,,0
27,2,88,88,62,62,,0
27,3,88,87,62,62,2,2
27,4,88,86,62,62,2;3,3
27,5,88,85,62,62,2;3;5,5
27,6,88,84,62,62,2;3;5;7,7
27,7,88,83,62,62,2;3;5;7;8,8
27,8,88,82,62,62,2;3;5;7;8;10,10
27,9,88,81,62,62,2;3;5;7;8;10;12,12
27,10,88,80,62,62,2;3;5;7;8;10;12;14,14
27,11,88,79,62,62,2;3;5;7;8;10;12;14;15,15
27,12,88,78,62,62,2;3;5;7;8;10;12;14;15;17,17
28,1,88,88,62,62,,0
28,2,88,87,62,62,1,1
28,3,88,86,62,62,1;2,2
28,4,88,85,62,62,1;2;4,4
28,5,88,84,62,62,1;2;4;6,6
28,6,88,83,62,62,1;2;4;6;7,7
28,7,88,82,62,62,1;2;4;6;7;9,9
28,8,88,81,62,62,1;2;4;6;7;9;11,11
28,9,88,80,62,62,1;2;4;6;7;9;11;13,13
28,10,88,79,62,62,1;2;4;6;7;9;11;13;14,14
28,11,88,78,62,62,1;2;4;6;7;9;11;13;14;16,16
28,12,88,77,62,62,1;2;4;6;7;9;11;13;14;16;18,18
29,1,88,88,62,62,,0
29,2,88,88,62,62,,0
29,3,88,87,62,62,1,1
29,4,88,86,62,62,1;3,3
29,5,88,85,62,62,1;3;5,5
29,6,88,84,62,62,1;3;5;6,6
29,7,88,83,62,62,1;3;5;6;8,8
29,8,88,82,62,62,1;3;5;6;8;10,10
29,9,88,81,62,62,1;3;5;6;8;10;12,12
29,10,88,80,62,62,1;3;5;6;8;10;12;13,13
29,11,88,79,62,62,1;3;5;6;8;10;12;13;15,15
29,12,88,78,62,62,1;3;5;6;8;10;12;13;15;17,17
30,1,87,87,63,63,,0
30,2,87,87,63,63,,0
30,3,87,86,63,63,2,2
30,4,87,85,63,63,2;4,4
30,5,87,84,63,63,2;4;5,5
30,6,87,83,63,63,2;4;5;7,7
30,7,87,82,63,63,2;4;5;7;9,9
30,8,87,81,63,63,2;4;5;7;9;11,11
30,9,87,80,63,63,2;4;5;7;9;11;12,12
30,10,87,79,63,63,2;4;5;7;9;11;12;14,14
30,11,87,78,63,63,2;4;5;7;9;11;12;14;16,16
30,12,87,77,63,63,2;4;5;7;9;11;12;14;16;17,17
31,1,88,88,62,62,,0
31,2,88,87,62,62,1,1
31,3,88,86,62,62,1;3,3
31,4,88,85,62,62,1;3;4,4
31,5,88,84,62,62,1;3;4;6,6
31,6,88,83,62,62,1;3;4;6;8,8
31,7,88,82,62,62,1;3;4;6;8;10,10
31,8,88,81,62,62,1;3;4;6;8;10;11,11
31,9,88,80,62,62,1;3;4;6;8;10;11;13,13
31,10,88,79,62,62,1;3;4;6;8;10;11;13;15,15
31,11,88,78,62,62,1;3;4;6;8;10;11;13;15;16,16
31,12,88,77,62,62,1;3;4;6;8;10;11;13;15;16;18,18
32,1,88,88,62,62,,0
32,2,88,88,62,62,,0
32,3,88,87,62,62,2,2
32,4,88,86,62,62,2;3,3
32,5,88,85,62,62,2;3;5,5
32,6,88,84,62,62,2;3;5;7,7
32,7,88,83,62,62,2;3;5;7;9,9
32,8,88,82,62,62,2;3;5;7;9;10,10
32,9,88,81,62,62,2;3;5;7;9;10;12,12
32,10,88,80,62,62,2;3;5;7;9;10;12;14,14
32,11,88,79,62,62,2;3;5;7;9;10;12;14;15,15
32,12,88,78,62,62,2;3;5;7;9;10;12;14;15;17,17
33,1,88,88,62,62,,0
33,2,88,87,62,62,1,1
33,3,88,86,62,62,1;2,2
33,4,88,85,62,62,1;2;4,4
33,5,88,84,62,62,1;2;4;6,6
33,6,88,83,62,62,1;2;4;6;8,8
33,7,88,82,62,62,1;2;4;6;8;9,9
33,8,88,81,62,62,1;2;4;6;8;9;11,11
33,9,88,80,62,62,1;2;4;6;8;9;11;13,13
33,10,88,79,62,62,1;2;4;6;8;9;11;13;14,14
33,11,88,78,62,62,1;2;4;6;8;9;11;13;14;16,16
33,12,88,77,62,62,1;2;4;6;8;9;11;13;14;16;18,18
34,1,88,88,62,62,,0
34,2,88,88,62,62,,0
34,3,88,87,62,62,1,1
34,4,88,86,62,62,1;3,3
34,5,88,85,62,62,1;3;5,5
34,6,88,84,62,62,1;3;5;7,7
34,7,88,83,62,62,1;3;5;7;8,8
34,8,88,82,62,62,1;3;5;7;8;10,10
34,9,88,81,62,62,1;3;5;7;8;10;12,12
34,10,88,80,62,62,1;3;5;7;8;10;12;13,13
34,11,88,79,62,62,1;3;5;7;8;10;12;13;15,15
34,12,88,78,62,62,1;3;5;7;8;10;12;13;15;17,17
35,1,87,87,63,63,,0
35,2,87,87,63,63,,0
35,3,87,86,63,63,2,2
35,4,87,85,63,63,2;4,4
35,5,87,84,63,63,2;4;6,6
35,6,87,83,63,63,2;4;6;7,7
35,7,87,82,63,63,2;4;6;7;9,9
35,8,87,81,63,63,2;4;6;7;9;11,11
35,9,87,80,63,63,2;4;6;7;9;11;12,12
35,10,87,79,63,63,2;4;6;7;9;11;12;14,14
35,11,87,78,63,63,2;4;6;7;9;11;12;14;16,16
35,12,87,77,63,63,2;4;6;7;9;11;12;14;16;17,17
36,1,88,88,62,62,,0
36,2,88,87,62,62,1,1
36,3,88,86,62,62,1;3,3
36,4,88,85,62,62,1;3;5,5
36,5,88,84,62,62,1;3;5;6,6
36,6,88,83,62,62,1;3;5;6;8,8
36,7,88,82,62,62,1;3;5;6;8;10,10
36,8,88,81,62,62,1;3;5;6;8;10;11,11
36,9,88,80,62,62,1;3;5;6;8;10;11;13,13
36,10,88,79,62,62,1;3;5;6;8;10;11;13;15,15
36,11,88,78,62,62,1;3;5;6;8;10;11;13;15;16,16
36,12,88,77,62,62,1;3;5;6;8;10;11;13;15;16;18,18
37,1,87,87,63,63,,0
37,2,87,87,63,63,,0
37,3,87,86,63,63,2,2
37,4,87,85,63,63,2;4,4
37,5,87,84,63,63,2;4;5,5
37,6,87,83,63,63,2;4;5;7,7
37,7,87,82,63,63,2;4;5;7;9,9
37,8,87,81,63,63,2;4;5;7;9;10,10
37,9,87,80,63,63,2;4;5;7;9;10;12,12
37,10,87,79,63,63,2;4;5;7;9;10;12;14,14
37,11,87,78,63,63,2;4;5;7;9;10;12;14;15,15
37,12,87,77,63,63,2;4;5;7;9;10;12;14;15;17,17
38,1,88,88,62,62,,0
38,2,88,87,62,62,1,1
38,3,88,86,62,62,1;3,3
38,4,88,85,62,62,1;3;4,4
38,5,88,84,62,62,1;3;4;6,6
38,6,88,83,62,62,1;3;4;6;8,8
38,7,88,82,62,62,1;3;4;6;8;9,9
38,8,88,81,62,62,1;3;4;6;8;9;11,11
38,9,88,80,62,62,1;3;4;6;8;9;11;13,13
38,10,88,79,62,62,1;3;4;6;8;9;11;13;14,14
38,11,88,78,62,62,1;3;4;6;8;9;11;13;14;16,16
38,12,88,77,62,62,1;3;4;6;8;9;11;13;14;16;18,18
39,1,88,88,62,62,,0
39,2,88,88,62,62,,0
39,3,88,87,62,62,2,2
39,4,88,86,62,62,2;3,3
39,5,88,85,62,62,2;3;5,5
39,6,88,84,62,62,2;3;5;7,7
39,7,88,83,62,62,2;3;5;7;8,8
39,8,88,82,62,62,2;3;5;7;8;10,10
39,9,88,81,62,62,2;3;5;7;8;10;12,12
39,10,88,80,62,62,2;3;5;7;8;10;12;13,13
39,11,88,79,62,62,2;3;5;7;8;10;12;13;15,15
39,12,88,78,62,62,2;3;5;7;8;10;12;13;15;17,17
40,1,88,88,62,62,,0
40,2,88,87,62,62,1,1
40,3,88,86,62,62,1;2,2
40,4,88,85,62,62,1;2;4,4
40,5,88,84,62,62,1;2;4;6,6
40,6,88,83,62,62,1;2;4;6;7,7
40,7,88,82,62,62,1;2;4;6;7;9,9
40,8,88,81,62,62,1;2;4;6;7;9;11,11
40,9,88,80,62,62,1;2;4;6;7;9;11;12,12
40,10,88,79,62,62,1;2;4;6;7;9;11;12;14,14
40,11,88,78,62,62,1;2;4;6;7;9;11;12;14;16,16
40,12,88,77,62,62,1;2;4;6;7;9;11;12;14;16;18,18
