split,M,c,prefix,V_min,E,gamma_W,n_eps1,T1_exact,n_eps0,T0_exact,h_open,fail_h
EXPLORE,2,1,1,7,4,0.169925,88,85,62,62,5,1;3;4
EXPLORE,2,2,1,5,1,0.169925,88,88,62,62,1,
EXPLORE,2,2,3,3,1,0.169925,88,88,62,62,1,
EXPLORE,2,2,3,6,4,0.169925,88,85,62,62,5,1;3;4
EXPLORE,2,3,2,5,1,0.169925,88,88,62,62,1,
EXPLORE,2,3,2,6,2,0.169925,88,87,62,62,2,1
EXPLORE,2,3,4,4,2,0.169925,88,87,62,62,2,1
EXPLORE,3,1,1-1,4,1,0.754888,88,88,62,62,1,
EXPLORE,3,1,1-1,5,2,0.754888,88,88,62,62,1,
EXPLORE,3,1,1-2,4,2,0.754888,88,88,62,62,1,
EXPLORE,3,2,1-1,5,1,0.754888,88,88,62,62,1,
EXPLORE,3,2,1-1,8,4,0.754888,88,86,62,62,4,2;3
EXPLORE,3,2,1-3,3,1,0.754888,88,88,62,62,1,
EXPLORE,3,2,1-3,4,2,0.754888,88,88,62,62,1,
EXPLORE,3,2,1-3,6,4,0.754888,88,86,62,62,4,2;3
EXPLORE,3,2,2-3,2,1,0.754888,88,88,62,62,1,
EXPLORE,3,2,2-3,3,2,0.754888,88,88,62,62,1,
EXPLORE,3,2,2-3,5,4,0.754888,88,86,62,62,4,2;3
EXPLORE,3,3,1-1,6,1,0.754888,88,88,62,62,1,
EXPLORE,3,3,1-1,7,2,0.754888,88,88,62,62,1,
EXPLORE,3,3,1-1,9,4,0.754888,88,86,62,62,4,2;3
EXPLORE,3,3,2-2,5,2,0.754888,88,88,62,62,1,
EXPLORE,3,3,3-2,3,1,0.754888,88,88,62,62,1,
EXPLORE,4,1,1-1-1,5,1,0.339850,88,88,62,62,1,
EXPLORE,4,1,1-1-1,8,4,0.339850,88,85,62,62,5,1;2;4
EXPLORE,4,1,1-3-1,6,4,0.339850,88,85,62,62,5,1;2;4
EXPLORE,4,1,2-1-1,4,1,0.339850,88,88,62,62,1,
EXPLORE,4,2,1-1-1,6,1,0.339850,88,88,62,62,1,
EXPLORE,4,2,1-1-1,7,2,0.339850,88,87,62,62,2,1
EXPLORE,4,2,2-3-1,4,2,0.339850,88,87,62,62,2,1
EXPLORE,4,2,2-2-2,3,1,0.339850,88,88,62,62,1,
EXPLORE,4,2,2-2-2,6,4,0.339850,88,85,62,62,5,1;2;4
EXPLORE,4,3,1-1-1,8,2,0.339850,88,87,62,62,2,1
EXPLORE,4,3,2-2-3,3,1,0.339850,88,88,62,62,1,
EXPLORE,4,3,3-1-1,5,1,0.339850,88,88,62,62,1,
EXPLORE,4,3,3-1-1,6,2,0.339850,88,87,62,62,2,1
EXPLORE,4,3,3-1-1,8,4,0.339850,88,85,62,62,5,1;2;4
EXPLORE,5,1,1-1-1-1,5,1,0.924813,88,88,62,62,1,
EXPLORE,5,1,1-1-1-1,6,2,0.924813,88,88,62,62,1,
EXPLORE,5,1,1-2-2-2,2,1,0.924813,88,88,62,62,1,
EXPLORE,5,1,1-1-3-2,2,1,0.924813,88,88,62,62,1,
EXPLORE,5,1,1-1-3-2,5,4,0.924813,88,86,62,62,4,1;3
EXPLORE,5,2,1-1-1-1,6,1,0.924813,88,88,62,62,1,
EXPLORE,5,2,1-1-1-1,9,4,0.924813,88,86,62,62,4,1;3
EXPLORE,5,2,1-1-1-2,6,2,0.924813,88,88,62,62,1,
EXPLORE,5,2,1-1-1-2,8,4,0.924813,88,86,62,62,4,1;3
EXPLORE,5,2,1-1-3-3,5,4,0.924813,88,86,62,62,4,1;3
EXPLORE,5,3,1-1-1-1,10,4,0.924813,88,86,62,62,4,1;3
EXPLORE,5,3,2-1-2-2,7,4,0.924813,88,86,62,62,4,1;3
EXPLORE,5,3,2-1-3-3,5,4,0.924813,88,86,62,62,4,1;3
EXPLORE,6,1,1-1-1-1-1,6,1,0.509775,87,87,63,63,1,
EXPLORE,6,1,1-1-1-1-1,7,2,0.509775,87,87,63,63,1,
EXPLORE,6,1,1-1-1-1-1,9,4,0.509775,87,85,63,63,5,2;4
EXPLORE,6,1,1-2-1-3-1,3,1,0.509775,87,87,63,63,1,
EXPLORE,6,1,1-2-1-3-1,4,2,0.509775,87,87,63,63,1,
EXPLORE,6,1,1-2-1-1-1,5,1,0.509775,87,87,63,63,1,
EXPLORE,6,1,1-2-1-1-1,6,2,0.509775,87,87,63,63,1,
EXPLORE,6,1,1-2-1-1-1,8,4,0.509775,87,85,63,63,5,2;4
EXPLORE,6,2,1-1-1-1-1,7,1,0.509775,87,87,63,63,1,
EXPLORE,6,2,1-1-1-1-1,10,4,0.509775,87,85,63,63,5,2;4
EXPLORE,6,2,1-2-3-1-2,3,1,0.509775,87,87,63,63,1,
EXPLORE,6,2,1-2-3-1-2,6,4,0.509775,87,85,63,63,5,2;4
EXPLORE,6,2,1-2-1-2-1,5,1,0.509775,87,87,63,63,1,
EXPLORE,6,2,1-2-1-2-1,6,2,0.509775,87,87,63,63,1,
EXPLORE,6,3,1-1-1-1-1,11,4,0.509775,87,85,63,63,5,2;4
EXPLORE,6,3,1-3-1-1-1,7,2,0.509775,87,87,63,63,1,
HOLDOUT,2,1,1,4,1,0.169925,88,88,62,62,1,
HOLDOUT,2,1,1,5,2,0.169925,88,87,62,62,2,1
HOLDOUT,2,1,2,3,1,0.169925,88,88,62,62,1,
HOLDOUT,2,1,2,4,2,0.169925,88,87,62,62,2,1
HOLDOUT,2,1,2,6,4,0.169925,88,85,62,62,5,1;3;4
HOLDOUT,2,2,1,6,2,0.169925,88,87,62,62,2,1
HOLDOUT,2,2,1,8,4,0.169925,88,85,62,62,5,1;3;4
HOLDOUT,2,2,3,4,2,0.169925,88,87,62,62,2,1
HOLDOUT,2,2,2,4,1,0.169925,88,88,62,62,1,
HOLDOUT,2,2,2,5,2,0.169925,88,87,62,62,2,1
HOLDOUT,2,2,2,7,4,0.169925,88,85,62,62,5,1;3;4
HOLDOUT,2,3,1,6,1,0.169925,88,88,62,62,1,
HOLDOUT,2,3,1,7,2,0.169925,88,87,62,62,2,1
HOLDOUT,2,3,1,9,4,0.169925,88,85,62,62,5,1;3;4
HOLDOUT,2,3,2,8,4,0.169925,88,85,62,62,5,1;3;4
HOLDOUT,2,3,4,3,1,0.169925,88,88,62,62,1,
HOLDOUT,2,3,4,6,4,0.169925,88,85,62,62,5,1;3;4
HOLDOUT,3,1,1-1,7,4,0.754888,88,86,62,62,4,2;3
HOLDOUT,3,1,1-2,3,1,0.754888,88,88,62,62,1,
HOLDOUT,3,1,1-2,6,4,0.754888,88,86,62,62,4,2;3
HOLDOUT,3,1,2-2,2,1,0.754888,88,88,62,62,1,
HOLDOUT,3,1,2-2,3,2,0.754888,88,88,62,62,1,
HOLDOUT,3,1,2-2,5,4,0.754888,88,86,62,62,4,2;3
HOLDOUT,3,2,1-1,6,2,0.754888,88,88,62,62,1,
HOLDOUT,3,3,2-2,4,1,0.754888,88,88,62,62,1,
HOLDOUT,3,3,2-2,7,4,0.754888,88,86,62,62,4,2;3
HOLDOUT,3,3,3-2,4,2,0.754888,88,88,62,62,1,
HOLDOUT,3,3,3-2,6,4,0.754888,88,86,62,62,4,2;3
HOLDOUT,4,1,1-1-1,6,2,0.339850,88,87,62,62,2,1
HOLDOUT,4,1,1-3-1,3,1,0.339850,88,88,62,62,1,
HOLDOUT,4,1,1-3-1,4,2,0.339850,88,87,62,62,2,1
HOLDOUT,4,1,2-1-1,5,2,0.339850,88,87,62,62,2,1
HOLDOUT,4,1,2-1-1,7,4,0.339850,88,85,62,62,5,1;2;4
HOLDOUT,4,2,1-1-1,9,4,0.339850,88,85,62,62,5,1;2;4
HOLDOUT,4,2,2-3-1,3,1,0.339850,88,88,62,62,1,
HOLDOUT,4,2,2-3-1,6,4,0.339850,88,85,62,62,5,1;2;4
HOLDOUT,4,2,2-2-2,4,2,0.339850,88,87,62,62,2,1
HOLDOUT,4,3,1-1-1,7,1,0.339850,88,88,62,62,1,
HOLDOUT,4,3,1-1-1,10,4,0.339850,88,85,62,62,5,1;2;4
HOLDOUT,4,3,2-2-3,4,2,0.339850,88,87,62,62,2,1
HOLDOUT,4,3,2-2-3,6,4,0.339850,88,85,62,62,5,1;2;4
HOLDOUT,5,1,1-1-1-1,8,4,0.924813,88,86,62,62,4,1;3
HOLDOUT,5,1,1-2-2-2,3,2,0.924813,88,88,62,62,1,
HOLDOUT,5,1,1-2-2-2,5,4,0.924813,88,86,62,62,4,1;3
HOLDOUT,5,1,1-1-3-2,3,2,0.924813,88,88,62,62,1,
HOLDOUT,5,2,1-1-1-1,7,2,0.924813,88,88,62,62,1,
HOLDOUT,5,2,1-1-1-2,5,1,0.924813,88,88,62,62,1,
HOLDOUT,5,2,1-1-3-3,2,1,0.924813,88,88,62,62,1,
HOLDOUT,5,2,1-1-3-3,3,2,0.924813,88,88,62,62,1,
HOLDOUT,5,3,1-1-1-1,7,1,0.924813,88,88,62,62,1,
HOLDOUT,5,3,1-1-1-1,8,2,0.924813,88,88,62,62,1,
HOLDOUT,5,3,2-1-2-2,4,1,0.924813,88,88,62,62,1,
HOLDOUT,5,3,2-1-2-2,5,2,0.924813,88,88,62,62,1,
HOLDOUT,5,3,2-1-3-3,2,1,0.924813,88,88,62,62,1,
HOLDOUT,5,3,2-1-3-3,3,2,0.924813,88,88,62,62,1,
HOLDOUT,6,1,1-2-1-3-1,6,4,0.509775,87,85,63,63,5,2;4
HOLDOUT,6,2,1-1-1-1-1,8,2,0.509775,87,87,63,63,1,
HOLDOUT,6,2,1-2-3-1-2,4,2,0.509775,87,87,63,63,1,
HOLDOUT,6,2,1-2-1-2-1,8,4,0.509775,87,85,63,63,5,2;4
HOLDOUT,6,3,1-1-1-1-1,8,1,0.509775,87,87,63,63,1,
HOLDOUT,6,3,1-1-1-1-1,9,2,0.509775,87,87,63,63,1,
HOLDOUT,6,3,1-3-1-1-1,6,1,0.509775,87,87,63,63,1,
HOLDOUT,6,3,1-3-1-1-1,9,4,0.509775,87,85,63,63,5,2;4
HOLDOUT,6,3,1-1-4-1-2,4,1,0.509775,87,87,63,63,1,
HOLDOUT,6,3,1-1-4-1-2,5,2,0.509775,87,87,63,63,1,
HOLDOUT,6,3,1-1-4-1-2,7,4,0.509775,87,85,63,63,5,2;4
