split,name,M,c,prefix,P,V_min,E,gamma_W=frac(M*alpha)
EXPLORE,M2_c1_p1_V7,2,1,1,1,7,4,0.169925
EXPLORE,M2_c2_p1_V5,2,2,1,1,5,1,0.169925
EXPLORE,M2_c2_p3_V3,2,2,3,3,3,1,0.169925
EXPLORE,M2_c2_p3_V6,2,2,3,3,6,4,0.169925
EXPLORE,M2_c3_p2_V5,2,3,2,2,5,1,0.169925
EXPLORE,M2_c3_p2_V6,2,3,2,2,6,2,0.169925
EXPLORE,M2_c3_p4_V4,2,3,4,4,4,2,0.169925
EXPLORE,M3_c1_p1-1_V4,3,1,1-1,2,4,1,0.754888
EXPLORE,M3_c1_p1-1_V5,3,1,1-1,2,5,2,0.754888
EXPLORE,M3_c1_p1-2_V4,3,1,1-2,3,4,2,0.754888
EXPLORE,M3_c2_p1-1_V5,3,2,1-1,2,5,1,0.754888
EXPLORE,M3_c2_p1-1_V8,3,2,1-1,2,8,4,0.754888
EXPLORE,M3_c2_p1-3_V3,3,2,1-3,4,3,1,0.754888
EXPLORE,M3_c2_p1-3_V4,3,2,1-3,4,4,2,0.754888
EXPLORE,M3_c2_p1-3_V6,3,2,1-3,4,6,4,0.754888
EXPLORE,M3_c2_p2-3_V2,3,2,2-3,5,2,1,0.754888
EXPLORE,M3_c2_p2-3_V3,3,2,2-3,5,3,2,0.754888
EXPLORE,M3_c2_p2-3_V5,3,2,2-3,5,5,4,0.754888
EXPLORE,M3_c3_p1-1_V6,3,3,1-1,2,6,1,0.754888
EXPLORE,M3_c3_p1-1_V7,3,3,1-1,2,7,2,0.754888
EXPLORE,M3_c3_p1-1_V9,3,3,1-1,2,9,4,0.754888
EXPLORE,M3_c3_p2-2_V5,3,3,2-2,4,5,2,0.754888
EXPLORE,M3_c3_p3-2_V3,3,3,3-2,5,3,1,0.754888
EXPLORE,M4_c1_p1-1-1_V5,4,1,1-1-1,3,5,1,0.339850
EXPLORE,M4_c1_p1-1-1_V8,4,1,1-1-1,3,8,4,0.339850
EXPLORE,M4_c1_p1-3-1_V6,4,1,1-3-1,5,6,4,0.339850
EXPLORE,M4_c1_p2-1-1_V4,4,1,2-1-1,4,4,1,0.339850
EXPLORE,M4_c2_p1-1-1_V6,4,2,1-1-1,3,6,1,0.339850
EXPLORE,M4_c2_p1-1-1_V7,4,2,1-1-1,3,7,2,0.339850
EXPLORE,M4_c2_p2-3-1_V4,4,2,2-3-1,6,4,2,0.339850
EXPLORE,M4_c2_p2-2-2_V3,4,2,2-2-2,6,3,1,0.339850
EXPLORE,M4_c2_p2-2-2_V6,4,2,2-2-2,6,6,4,0.339850
EXPLORE,M4_c3_p1-1-1_V8,4,3,1-1-1,3,8,2,0.339850
EXPLORE,M4_c3_p2-2-3_V3,4,3,2-2-3,7,3,1,0.339850
EXPLORE,M4_c3_p3-1-1_V5,4,3,3-1-1,5,5,1,0.339850
EXPLORE,M4_c3_p3-1-1_V6,4,3,3-1-1,5,6,2,0.339850
EXPLORE,M4_c3_p3-1-1_V8,4,3,3-1-1,5,8,4,0.339850
EXPLORE,M5_c1_p1-1-1-1_V5,5,1,1-1-1-1,4,5,1,0.924813
EXPLORE,M5_c1_p1-1-1-1_V6,5,1,1-1-1-1,4,6,2,0.924813
EXPLORE,M5_c1_p1-2-2-2_V2,5,1,1-2-2-2,7,2,1,0.924813
EXPLORE,M5_c1_p1-1-3-2_V2,5,1,1-1-3-2,7,2,1,0.924813
EXPLORE,M5_c1_p1-1-3-2_V5,5,1,1-1-3-2,7,5,4,0.924813
EXPLORE,M5_c2_p1-1-1-1_V6,5,2,1-1-1-1,4,6,1,0.924813
EXPLORE,M5_c2_p1-1-1-1_V9,5,2,1-1-1-1,4,9,4,0.924813
EXPLORE,M5_c2_p1-1-1-2_V6,5,2,1-1-1-2,5,6,2,0.924813
EXPLORE,M5_c2_p1-1-1-2_V8,5,2,1-1-1-2,5,8,4,0.924813
EXPLORE,M5_c2_p1-1-3-3_V5,5,2,1-1-3-3,8,5,4,0.924813
EXPLORE,M5_c3_p1-1-1-1_V10,5,3,1-1-1-1,4,10,4,0.924813
EXPLORE,M5_c3_p2-1-2-2_V7,5,3,2-1-2-2,7,7,4,0.924813
EXPLORE,M5_c3_p2-1-3-3_V5,5,3,2-1-3-3,9,5,4,0.924813
EXPLORE,M6_c1_p1-1-1-1-1_V6,6,1,1-1-1-1-1,5,6,1,0.509775
EXPLORE,M6_c1_p1-1-1-1-1_V7,6,1,1-1-1-1-1,5,7,2,0.509775
EXPLORE,M6_c1_p1-1-1-1-1_V9,6,1,1-1-1-1-1,5,9,4,0.509775
EXPLORE,M6_c1_p1-2-1-3-1_V3,6,1,1-2-1-3-1,8,3,1,0.509775
EXPLORE,M6_c1_p1-2-1-3-1_V4,6,1,1-2-1-3-1,8,4,2,0.509775
EXPLORE,M6_c1_p1-2-1-1-1_V5,6,1,1-2-1-1-1,6,5,1,0.509775
EXPLORE,M6_c1_p1-2-1-1-1_V6,6,1,1-2-1-1-1,6,6,2,0.509775
EXPLORE,M6_c1_p1-2-1-1-1_V8,6,1,1-2-1-1-1,6,8,4,0.509775
EXPLORE,M6_c2_p1-1-1-1-1_V7,6,2,1-1-1-1-1,5,7,1,0.509775
EXPLORE,M6_c2_p1-1-1-1-1_V10,6,2,1-1-1-1-1,5,10,4,0.509775
EXPLORE,M6_c2_p1-2-3-1-2_V3,6,2,1-2-3-1-2,9,3,1,0.509775
EXPLORE,M6_c2_p1-2-3-1-2_V6,6,2,1-2-3-1-2,9,6,4,0.509775
EXPLORE,M6_c2_p1-2-1-2-1_V5,6,2,1-2-1-2-1,7,5,1,0.509775
EXPLORE,M6_c2_p1-2-1-2-1_V6,6,2,1-2-1-2-1,7,6,2,0.509775
EXPLORE,M6_c3_p1-1-1-1-1_V11,6,3,1-1-1-1-1,5,11,4,0.509775
EXPLORE,M6_c3_p1-3-1-1-1_V7,6,3,1-3-1-1-1,7,7,2,0.509775
HOLDOUT,M2_c1_p1_V4,2,1,1,1,4,1,0.169925
HOLDOUT,M2_c1_p1_V5,2,1,1,1,5,2,0.169925
HOLDOUT,M2_c1_p2_V3,2,1,2,2,3,1,0.169925
HOLDOUT,M2_c1_p2_V4,2,1,2,2,4,2,0.169925
HOLDOUT,M2_c1_p2_V6,2,1,2,2,6,4,0.169925
HOLDOUT,M2_c2_p1_V6,2,2,1,1,6,2,0.169925
HOLDOUT,M2_c2_p1_V8,2,2,1,1,8,4,0.169925
HOLDOUT,M2_c2_p3_V4,2,2,3,3,4,2,0.169925
HOLDOUT,M2_c2_p2_V4,2,2,2,2,4,1,0.169925
HOLDOUT,M2_c2_p2_V5,2,2,2,2,5,2,0.169925
HOLDOUT,M2_c2_p2_V7,2,2,2,2,7,4,0.169925
HOLDOUT,M2_c3_p1_V6,2,3,1,1,6,1,0.169925
HOLDOUT,M2_c3_p1_V7,2,3,1,1,7,2,0.169925
HOLDOUT,M2_c3_p1_V9,2,3,1,1,9,4,0.169925
HOLDOUT,M2_c3_p2_V8,2,3,2,2,8,4,0.169925
HOLDOUT,M2_c3_p4_V3,2,3,4,4,3,1,0.169925
HOLDOUT,M2_c3_p4_V6,2,3,4,4,6,4,0.169925
HOLDOUT,M3_c1_p1-1_V7,3,1,1-1,2,7,4,0.754888
HOLDOUT,M3_c1_p1-2_V3,3,1,1-2,3,3,1,0.754888
HOLDOUT,M3_c1_p1-2_V6,3,1,1-2,3,6,4,0.754888
HOLDOUT,M3_c1_p2-2_V2,3,1,2-2,4,2,1,0.754888
HOLDOUT,M3_c1_p2-2_V3,3,1,2-2,4,3,2,0.754888
HOLDOUT,M3_c1_p2-2_V5,3,1,2-2,4,5,4,0.754888
HOLDOUT,M3_c2_p1-1_V6,3,2,1-1,2,6,2,0.754888
HOLDOUT,M3_c3_p2-2_V4,3,3,2-2,4,4,1,0.754888
HOLDOUT,M3_c3_p2-2_V7,3,3,2-2,4,7,4,0.754888
HOLDOUT,M3_c3_p3-2_V4,3,3,3-2,5,4,2,0.754888
HOLDOUT,M3_c3_p3-2_V6,3,3,3-2,5,6,4,0.754888
HOLDOUT,M4_c1_p1-1-1_V6,4,1,1-1-1,3,6,2,0.339850
HOLDOUT,M4_c1_p1-3-1_V3,4,1,1-3-1,5,3,1,0.339850
HOLDOUT,M4_c1_p1-3-1_V4,4,1,1-3-1,5,4,2,0.339850
HOLDOUT,M4_c1_p2-1-1_V5,4,1,2-1-1,4,5,2,0.339850
HOLDOUT,M4_c1_p2-1-1_V7,4,1,2-1-1,4,7,4,0.339850
HOLDOUT,M4_c2_p1-1-1_V9,4,2,1-1-1,3,9,4,0.339850
HOLDOUT,M4_c2_p2-3-1_V3,4,2,2-3-1,6,3,1,0.339850
HOLDOUT,M4_c2_p2-3-1_V6,4,2,2-3-1,6,6,4,0.339850
HOLDOUT,M4_c2_p2-2-2_V4,4,2,2-2-2,6,4,2,0.339850
HOLDOUT,M4_c3_p1-1-1_V7,4,3,1-1-1,3,7,1,0.339850
HOLDOUT,M4_c3_p1-1-1_V10,4,3,1-1-1,3,10,4,0.339850
HOLDOUT,M4_c3_p2-2-3_V4,4,3,2-2-3,7,4,2,0.339850
HOLDOUT,M4_c3_p2-2-3_V6,4,3,2-2-3,7,6,4,0.339850
HOLDOUT,M5_c1_p1-1-1-1_V8,5,1,1-1-1-1,4,8,4,0.924813
HOLDOUT,M5_c1_p1-2-2-2_V3,5,1,1-2-2-2,7,3,2,0.924813
HOLDOUT,M5_c1_p1-2-2-2_V5,5,1,1-2-2-2,7,5,4,0.924813
HOLDOUT,M5_c1_p1-1-3-2_V3,5,1,1-1-3-2,7,3,2,0.924813
HOLDOUT,M5_c2_p1-1-1-1_V7,5,2,1-1-1-1,4,7,2,0.924813
HOLDOUT,M5_c2_p1-1-1-2_V5,5,2,1-1-1-2,5,5,1,0.924813
HOLDOUT,M5_c2_p1-1-3-3_V2,5,2,1-1-3-3,8,2,1,0.924813
HOLDOUT,M5_c2_p1-1-3-3_V3,5,2,1-1-3-3,8,3,2,0.924813
HOLDOUT,M5_c3_p1-1-1-1_V7,5,3,1-1-1-1,4,7,1,0.924813
HOLDOUT,M5_c3_p1-1-1-1_V8,5,3,1-1-1-1,4,8,2,0.924813
HOLDOUT,M5_c3_p2-1-2-2_V4,5,3,2-1-2-2,7,4,1,0.924813
HOLDOUT,M5_c3_p2-1-2-2_V5,5,3,2-1-2-2,7,5,2,0.924813
HOLDOUT,M5_c3_p2-1-3-3_V2,5,3,2-1-3-3,9,2,1,0.924813
HOLDOUT,M5_c3_p2-1-3-3_V3,5,3,2-1-3-3,9,3,2,0.924813
HOLDOUT,M6_c1_p1-2-1-3-1_V6,6,1,1-2-1-3-1,8,6,4,0.509775
HOLDOUT,M6_c2_p1-1-1-1-1_V8,6,2,1-1-1-1-1,5,8,2,0.509775
HOLDOUT,M6_c2_p1-2-3-1-2_V4,6,2,1-2-3-1-2,9,4,2,0.509775
HOLDOUT,M6_c2_p1-2-1-2-1_V8,6,2,1-2-1-2-1,7,8,4,0.509775
HOLDOUT,M6_c3_p1-1-1-1-1_V8,6,3,1-1-1-1-1,5,8,1,0.509775
HOLDOUT,M6_c3_p1-1-1-1-1_V9,6,3,1-1-1-1-1,5,9,2,0.509775
HOLDOUT,M6_c3_p1-3-1-1-1_V6,6,3,1-3-1-1-1,7,6,1,0.509775
HOLDOUT,M6_c3_p1-3-1-1-1_V9,6,3,1-3-1-1-1,7,9,4,0.509775
HOLDOUT,M6_c3_p1-1-4-1-2_V4,6,3,1-1-4-1-2,9,4,1,0.509775
HOLDOUT,M6_c3_p1-1-4-1-2_V5,6,3,1-1-4-1-2,9,5,2,0.509775
HOLDOUT,M6_c3_p1-1-4-1-2_V7,6,3,1-1-4-1-2,9,7,4,0.509775
